{"cameraMode":{"drawMode":0,"name":"Shaded","section":"Shading Mode"},"sceneLighting":true,"audioPlay":false,"sceneViewState":{"m_AlwaysRefresh":false,"showFog":true,"showSkybox":true,"showFlares":true,"showImageEffects":true,"showParticleSystems":true,"showVisualEffectGraphs":true,"m_FxEnabled":true},"in2DMode":false,"pivot":{"x":0.07430541515350342,"y":0.3444209098815918,"z":-0.8128358125686646},"rotation":{"x":0.07536907494068146,"y":-0.922412097454071,"z":0.2318962961435318,"w":0.2996482253074646},"size":3.3181278705596926,"orthographic":false}